-- MySQL dump 10.13  Distrib 8.0.43, for Win64 (x86_64)
--
-- Host: 127.0.0.1    Database: robotmanager1
-- ------------------------------------------------------
-- Server version	9.4.0

/*!40101 SET @OLD_CHARACTER_SET_CLIENT=@@CHARACTER_SET_CLIENT */;
/*!40101 SET @OLD_CHARACTER_SET_RESULTS=@@CHARACTER_SET_RESULTS */;
/*!40101 SET @OLD_COLLATION_CONNECTION=@@COLLATION_CONNECTION */;
/*!50503 SET NAMES utf8 */;
/*!40103 SET @OLD_TIME_ZONE=@@TIME_ZONE */;
/*!40103 SET TIME_ZONE='+00:00' */;
/*!40014 SET @OLD_UNIQUE_CHECKS=@@UNIQUE_CHECKS, UNIQUE_CHECKS=0 */;
/*!40014 SET @OLD_FOREIGN_KEY_CHECKS=@@FOREIGN_KEY_CHECKS, FOREIGN_KEY_CHECKS=0 */;
/*!40101 SET @OLD_SQL_MODE=@@SQL_MODE, SQL_MODE='NO_AUTO_VALUE_ON_ZERO' */;
/*!40111 SET @OLD_SQL_NOTES=@@SQL_NOTES, SQL_NOTES=0 */;

--
-- Table structure for table `alerts`
--

DROP TABLE IF EXISTS `alerts`;
/*!40101 SET @saved_cs_client     = @@character_set_client */;
/*!50503 SET character_set_client = utf8mb4 */;
CREATE TABLE `alerts` (
  `id` bigint unsigned NOT NULL AUTO_INCREMENT,
  `robot_id` bigint unsigned NOT NULL,
  `severity` enum('low','medium','high','critical') CHARACTER SET utf8mb4 COLLATE utf8mb4_unicode_ci NOT NULL DEFAULT 'low',
  `category` enum('battery','network','obstacle','system','manual') CHARACTER SET utf8mb4 COLLATE utf8mb4_unicode_ci NOT NULL,
  `status` enum('open','acknowledged','resolved') CHARACTER SET utf8mb4 COLLATE utf8mb4_unicode_ci NOT NULL DEFAULT 'open',
  `message` varchar(500) CHARACTER SET utf8mb4 COLLATE utf8mb4_unicode_ci NOT NULL,
  `created_at` datetime NOT NULL DEFAULT CURRENT_TIMESTAMP,
  `resolved_at` datetime DEFAULT NULL,
  `prescription_item_id` bigint unsigned DEFAULT NULL,
  PRIMARY KEY (`id`),
  KEY `idx_alert_status` (`status`),
  KEY `idx_alert_category` (`category`),
  KEY `idx_alert_created` (`created_at`),
  KEY `fk_alert_robot` (`robot_id`),
  KEY `IX_alerts_prescription_item_id` (`prescription_item_id`),
  CONSTRAINT `fk_alert_robot` FOREIGN KEY (`robot_id`) REFERENCES `robots` (`id`) ON DELETE CASCADE,
  CONSTRAINT `FK_alerts_prescription_items_prescription_item_id` FOREIGN KEY (`prescription_item_id`) REFERENCES `prescription_items` (`id`)
) ENGINE=InnoDB AUTO_INCREMENT=2 DEFAULT CHARSET=utf8mb4 COLLATE=utf8mb4_unicode_ci;
/*!40101 SET character_set_client = @saved_cs_client */;

--
-- Dumping data for table `alerts`
--

LOCK TABLES `alerts` WRITE;
/*!40000 ALTER TABLE `alerts` DISABLE KEYS */;
/*!40000 ALTER TABLE `alerts` ENABLE KEYS */;
UNLOCK TABLES;

--
-- Table structure for table `compartment_assignments`
--

DROP TABLE IF EXISTS `compartment_assignments`;
/*!40101 SET @saved_cs_client     = @@character_set_client */;
/*!50503 SET character_set_client = utf8mb4 */;
CREATE TABLE `compartment_assignments` (
  `id` bigint unsigned NOT NULL AUTO_INCREMENT,
  `task_id` bigint unsigned NOT NULL,
  `stop_id` bigint unsigned NOT NULL,
  `compartment_id` bigint unsigned NOT NULL,
  `item_desc` varchar(255) CHARACTER SET utf8mb4 COLLATE utf8mb4_unicode_ci NOT NULL,
  `status` enum('pending','loaded','unlocked','delivered','locked','canceled') CHARACTER SET utf8mb4 COLLATE utf8mb4_unicode_ci NOT NULL DEFAULT 'pending',
  `created_at` datetime NOT NULL DEFAULT CURRENT_TIMESTAMP,
  `updated_at` datetime NOT NULL DEFAULT CURRENT_TIMESTAMP ON UPDATE CURRENT_TIMESTAMP,
  PRIMARY KEY (`id`),
  UNIQUE KEY `uk_stop_comp` (`stop_id`,`compartment_id`),
  KEY `idx_ca_status` (`status`),
  KEY `fk_ca_task` (`task_id`),
  KEY `fk_ca_comp` (`compartment_id`),
  CONSTRAINT `fk_ca_comp` FOREIGN KEY (`compartment_id`) REFERENCES `robot_compartments` (`id`) ON DELETE CASCADE,
  CONSTRAINT `fk_ca_stop` FOREIGN KEY (`stop_id`) REFERENCES `task_stops` (`id`) ON DELETE CASCADE,
  CONSTRAINT `fk_ca_task` FOREIGN KEY (`task_id`) REFERENCES `tasks` (`id`) ON DELETE CASCADE
) ENGINE=InnoDB AUTO_INCREMENT=5 DEFAULT CHARSET=utf8mb4 COLLATE=utf8mb4_unicode_ci;
/*!40101 SET character_set_client = @saved_cs_client */;

--
-- Dumping data for table `compartment_assignments`
--

LOCK TABLES `compartment_assignments` WRITE;
/*!40000 ALTER TABLE `compartment_assignments` DISABLE KEYS */;
INSERT INTO `compartment_assignments` VALUES (1,1,1,4,'Thuốc theo đơn Khoa Dược','loaded','2025-10-01 18:03:26','2025-10-01 18:03:26'),(2,1,2,8,'Vật tư cách ly','loaded','2025-10-01 18:03:26','2025-10-01 18:03:26'),(3,1,3,12,'Bộ cấp cứu','loaded','2025-10-01 18:03:26','2025-10-01 18:03:26'),(4,1,4,16,'Mẫu xét nghiệm','loaded','2025-10-01 18:03:26','2025-10-01 18:03:26');
/*!40000 ALTER TABLE `compartment_assignments` ENABLE KEYS */;
UNLOCK TABLES;

--
-- Table structure for table `compartment_categories`
--

DROP TABLE IF EXISTS `compartment_categories`;
/*!40101 SET @saved_cs_client     = @@character_set_client */;
/*!50503 SET character_set_client = utf8mb4 */;
CREATE TABLE `compartment_categories` (
  `id` bigint unsigned NOT NULL AUTO_INCREMENT,
  `name` varchar(128) CHARACTER SET utf8mb4 COLLATE utf8mb4_unicode_ci NOT NULL,
  `description` varchar(255) CHARACTER SET utf8mb4 COLLATE utf8mb4_unicode_ci DEFAULT NULL,
  PRIMARY KEY (`id`),
  UNIQUE KEY `name` (`name`)
) ENGINE=InnoDB AUTO_INCREMENT=5 DEFAULT CHARSET=utf8mb4 COLLATE=utf8mb4_unicode_ci;
/*!40101 SET character_set_client = @saved_cs_client */;

--
-- Dumping data for table `compartment_categories`
--

LOCK TABLES `compartment_categories` WRITE;
/*!40000 ALTER TABLE `compartment_categories` DISABLE KEYS */;
INSERT INTO `compartment_categories` VALUES (1,'Giao thuốc','Ngăn chứa thuốc cho bệnh nhân'),(2,'Giao đồ ăn','Ngăn chứa thức ăn cho bệnh nhân'),(3,'Giao nước','Ngăn chứa nước uống'),(4,'Giao hồ sơ','Ngăn chứa hồ sơ y tế hoặc giấy tờ');
/*!40000 ALTER TABLE `compartment_categories` ENABLE KEYS */;
UNLOCK TABLES;

--
-- Table structure for table `destinations`
--

DROP TABLE IF EXISTS `destinations`;
/*!40101 SET @saved_cs_client     = @@character_set_client */;
/*!50503 SET character_set_client = utf8mb4 */;
CREATE TABLE `destinations` (
  `id` bigint unsigned NOT NULL AUTO_INCREMENT,
  `name` varchar(255) CHARACTER SET utf8mb4 COLLATE utf8mb4_unicode_ci NOT NULL,
  `area` varchar(255) CHARACTER SET utf8mb4 COLLATE utf8mb4_unicode_ci DEFAULT NULL,
  `floor` varchar(64) CHARACTER SET utf8mb4 COLLATE utf8mb4_unicode_ci DEFAULT NULL,
  `created_at` datetime NOT NULL DEFAULT CURRENT_TIMESTAMP,
  PRIMARY KEY (`id`),
  UNIQUE KEY `name` (`name`)
) ENGINE=InnoDB AUTO_INCREMENT=5 DEFAULT CHARSET=utf8mb4 COLLATE=utf8mb4_unicode_ci;
/*!40101 SET character_set_client = @saved_cs_client */;

--
-- Dumping data for table `destinations`
--

LOCK TABLES `destinations` WRITE;
/*!40000 ALTER TABLE `destinations` DISABLE KEYS */;
INSERT INTO `destinations` VALUES (1,'Khoa Dược','Dược','T1','2025-10-01 18:03:26'),(2,'Phòng 301A - Khu cách ly','Khu Cách ly','T3','2025-10-01 18:03:26'),(3,'Phòng Cấp Cứu','Cấp cứu','T1','2025-10-01 18:03:26'),(4,'Phòng Xét Nghiệm','Xét nghiệm','T2','2025-10-01 18:03:26');
/*!40000 ALTER TABLE `destinations` ENABLE KEYS */;
UNLOCK TABLES;

--
-- Table structure for table `drug_categories`
--

DROP TABLE IF EXISTS `drug_categories`;
/*!40101 SET @saved_cs_client     = @@character_set_client */;
/*!50503 SET character_set_client = utf8mb4 */;
CREATE TABLE `drug_categories` (
  `id` bigint unsigned NOT NULL AUTO_INCREMENT,
  `name` varchar(128) CHARACTER SET utf8mb4 COLLATE utf8mb4_unicode_ci NOT NULL,
  PRIMARY KEY (`id`),
  UNIQUE KEY `name` (`name`)
) ENGINE=InnoDB AUTO_INCREMENT=2 DEFAULT CHARSET=utf8mb4 COLLATE=utf8mb4_unicode_ci;
/*!40101 SET character_set_client = @saved_cs_client */;

--
-- Dumping data for table `drug_categories`
--

LOCK TABLES `drug_categories` WRITE;
/*!40000 ALTER TABLE `drug_categories` DISABLE KEYS */;
INSERT INTO `drug_categories` VALUES (1,'string');
/*!40000 ALTER TABLE `drug_categories` ENABLE KEYS */;
UNLOCK TABLES;

--
-- Table structure for table `logs`
--

DROP TABLE IF EXISTS `logs`;
/*!40101 SET @saved_cs_client     = @@character_set_client */;
/*!50503 SET character_set_client = utf8mb4 */;
CREATE TABLE `logs` (
  `id` bigint unsigned NOT NULL AUTO_INCREMENT,
  `robot_id` bigint unsigned NOT NULL,
  `task_id` bigint unsigned DEFAULT NULL,
  `stop_id` bigint unsigned DEFAULT NULL,
  `log_type` enum('success','warning','error','drive','info','broadcast','mic') CHARACTER SET utf8mb4 COLLATE utf8mb4_unicode_ci NOT NULL DEFAULT 'info',
  `message` varchar(500) CHARACTER SET utf8mb4 COLLATE utf8mb4_unicode_ci NOT NULL,
  `created_at` datetime NOT NULL DEFAULT CURRENT_TIMESTAMP,
  PRIMARY KEY (`id`),
  KEY `idx_logs_robot_time` (`robot_id`,`created_at`),
  KEY `idx_logs_type` (`log_type`),
  KEY `fk_log_task` (`task_id`),
  KEY `fk_log_stop` (`stop_id`),
  CONSTRAINT `fk_log_robot` FOREIGN KEY (`robot_id`) REFERENCES `robots` (`id`) ON DELETE CASCADE,
  CONSTRAINT `fk_log_stop` FOREIGN KEY (`stop_id`) REFERENCES `task_stops` (`id`) ON DELETE SET NULL,
  CONSTRAINT `fk_log_task` FOREIGN KEY (`task_id`) REFERENCES `tasks` (`id`) ON DELETE SET NULL
) ENGINE=InnoDB AUTO_INCREMENT=6 DEFAULT CHARSET=utf8mb4 COLLATE=utf8mb4_unicode_ci;
/*!40101 SET character_set_client = @saved_cs_client */;

--
-- Dumping data for table `logs`
--

LOCK TABLES `logs` WRITE;
/*!40000 ALTER TABLE `logs` DISABLE KEYS */;
INSERT INTO `logs` VALUES (1,3,1,1,'success','Hệ thống khởi động. Robot sẵn sàng.','2025-10-01 18:03:26'),(2,3,1,1,'info','Bắt đầu di chuyển tới điểm dừng: Khoa Dược.','2025-10-01 18:03:26'),(3,3,1,1,'broadcast','Robot đang đến, vui lòng tránh đường.','2025-10-01 18:03:26'),(4,3,1,1,'mic','Mic trực tiếp được kích hoạt.','2025-10-01 18:03:26'),(5,3,1,1,'drive','Lệnh điều khiển: Tiến về phía trước.','2025-10-01 18:03:26');
/*!40000 ALTER TABLE `logs` ENABLE KEYS */;
UNLOCK TABLES;

--
-- Table structure for table `maps`
--

DROP TABLE IF EXISTS `maps`;
/*!40101 SET @saved_cs_client     = @@character_set_client */;
/*!50503 SET character_set_client = utf8mb4 */;
CREATE TABLE `maps` (
  `id` bigint unsigned NOT NULL AUTO_INCREMENT,
  `map_name` varchar(255) CHARACTER SET utf8mb4 COLLATE utf8mb4_unicode_ci NOT NULL,
  `image_name` varchar(255) CHARACTER SET utf8mb4 COLLATE utf8mb4_unicode_ci DEFAULT NULL,
  `width` int DEFAULT NULL,
  `height` int DEFAULT NULL,
  `resolution` float DEFAULT NULL,
  `origin_x` float DEFAULT NULL,
  `origin_y` float DEFAULT NULL,
  `origin_z` float DEFAULT NULL,
  `mode` varchar(50) CHARACTER SET utf8mb4 COLLATE utf8mb4_unicode_ci DEFAULT NULL,
  `negate` tinyint DEFAULT NULL,
  `occupied_thresh` float DEFAULT NULL,
  `free_thresh` float DEFAULT NULL,
  `image_data` longblob,
  `created_at` datetime NOT NULL DEFAULT CURRENT_TIMESTAMP,
  PRIMARY KEY (`id`)
) ENGINE=InnoDB AUTO_INCREMENT=2 DEFAULT CHARSET=utf8mb4 COLLATE=utf8mb4_unicode_ci;
/*!40101 SET character_set_client = @saved_cs_client */;

--
-- Dumping data for table `maps`
--

LOCK TABLES `maps` WRITE;
/*!40000 ALTER TABLE `maps` DISABLE KEYS */;
INSERT INTO `maps` VALUES (1,'tesst','string',2147483647,2147483647,0,0,0,0,'string',1,1,1,NULL,'2025-10-31 14:08:20');
/*!40000 ALTER TABLE `maps` ENABLE KEYS */;
UNLOCK TABLES;

--
-- Table structure for table `medicines`
--

DROP TABLE IF EXISTS `medicines`;
/*!40101 SET @saved_cs_client     = @@character_set_client */;
/*!50503 SET character_set_client = utf8mb4 */;
CREATE TABLE `medicines` (
  `id` bigint unsigned NOT NULL AUTO_INCREMENT,
  `medicine_code` varchar(64) CHARACTER SET utf8mb4 COLLATE utf8mb4_unicode_ci NOT NULL,
  `name` varchar(255) CHARACTER SET utf8mb4 COLLATE utf8mb4_unicode_ci NOT NULL,
  `unit` varchar(64) CHARACTER SET utf8mb4 COLLATE utf8mb4_unicode_ci DEFAULT NULL,
  `price` decimal(10,2) DEFAULT '0.00',
  `stock_quantity` int DEFAULT '0',
  `description` varchar(255) CHARACTER SET utf8mb4 COLLATE utf8mb4_unicode_ci DEFAULT NULL,
  `created_at` datetime DEFAULT CURRENT_TIMESTAMP,
  `category_id` bigint unsigned DEFAULT NULL,
  `expiry_date` datetime DEFAULT NULL,
  `status` enum('active','expired') CHARACTER SET utf8mb4 COLLATE utf8mb4_unicode_ci NOT NULL DEFAULT 'active',
  PRIMARY KEY (`id`),
  UNIQUE KEY `medicine_code` (`medicine_code`),
  KEY `fk_medicine_category` (`category_id`),
  CONSTRAINT `fk_medicine_category` FOREIGN KEY (`category_id`) REFERENCES `drug_categories` (`id`) ON DELETE SET NULL ON UPDATE CASCADE
) ENGINE=InnoDB AUTO_INCREMENT=3 DEFAULT CHARSET=utf8mb4 COLLATE=utf8mb4_unicode_ci;
/*!40101 SET character_set_client = @saved_cs_client */;

--
-- Dumping data for table `medicines`
--

LOCK TABLES `medicines` WRITE;
/*!40000 ALTER TABLE `medicines` DISABLE KEYS */;
INSERT INTO `medicines` VALUES (2,'string','string','string',10.00,2,'string','2025-11-01 03:48:33',1,NULL,'active');
/*!40000 ALTER TABLE `medicines` ENABLE KEYS */;
UNLOCK TABLES;

--
-- Table structure for table `patients`
--

DROP TABLE IF EXISTS `patients`;
/*!40101 SET @saved_cs_client     = @@character_set_client */;
/*!50503 SET character_set_client = utf8mb4 */;
CREATE TABLE `patients` (
  `id` bigint unsigned NOT NULL AUTO_INCREMENT,
  `patient_code` varchar(64) CHARACTER SET utf8mb4 COLLATE utf8mb4_unicode_ci NOT NULL,
  `full_name` varchar(128) CHARACTER SET utf8mb4 COLLATE utf8mb4_unicode_ci NOT NULL,
  `gender` enum('male','female','other') CHARACTER SET utf8mb4 COLLATE utf8mb4_unicode_ci DEFAULT 'other',
  `dob` date DEFAULT NULL,
  `address` varchar(255) CHARACTER SET utf8mb4 COLLATE utf8mb4_unicode_ci DEFAULT NULL,
  `phone` varchar(20) CHARACTER SET utf8mb4 COLLATE utf8mb4_unicode_ci DEFAULT NULL,
  `department` varchar(128) CHARACTER SET utf8mb4 COLLATE utf8mb4_unicode_ci DEFAULT NULL,
  `room_number` varchar(64) CHARACTER SET utf8mb4 COLLATE utf8mb4_unicode_ci DEFAULT NULL,
  `room_id` bigint unsigned DEFAULT NULL,
  `created_at` datetime DEFAULT CURRENT_TIMESTAMP,
  PRIMARY KEY (`id`),
  UNIQUE KEY `patient_code` (`patient_code`),
  KEY `fk_patients_rooms` (`room_id`),
  CONSTRAINT `fk_patients_rooms` FOREIGN KEY (`room_id`) REFERENCES `rooms` (`id`) ON DELETE SET NULL ON UPDATE CASCADE
) ENGINE=InnoDB AUTO_INCREMENT=3 DEFAULT CHARSET=utf8mb4 COLLATE=utf8mb4_unicode_ci;
/*!40101 SET character_set_client = @saved_cs_client */;

--
-- Dumping data for table `patients`
--

LOCK TABLES `patients` WRITE;
/*!40000 ALTER TABLE `patients` DISABLE KEYS */;
INSERT INTO `patients` VALUES (2,'BN001','Nguyen Van A','male','1998-07-15','123 Nguyen Trai, Ha Noi','0909123456','Cardiology','A101',1,'2025-11-01 02:47:37');
/*!40000 ALTER TABLE `patients` ENABLE KEYS */;
UNLOCK TABLES;

--
-- Table structure for table `performance_history`
--

DROP TABLE IF EXISTS `performance_history`;
/*!40101 SET @saved_cs_client     = @@character_set_client */;
/*!50503 SET character_set_client = utf8mb4 */;
CREATE TABLE `performance_history` (
  `id` bigint unsigned NOT NULL AUTO_INCREMENT,
  `robot_id` bigint unsigned NOT NULL,
  `destinations` text CHARACTER SET utf8mb4 COLLATE utf8mb4_unicode_ci NOT NULL,
  `completion_date` datetime NOT NULL,
  `duration_seconds` int NOT NULL,
  `error_count` int NOT NULL DEFAULT '0',
  `created_at` datetime NOT NULL DEFAULT CURRENT_TIMESTAMP,
  PRIMARY KEY (`id`),
  KEY `idx_perf_robot_date` (`robot_id`,`completion_date`),
  KEY `idx_perf_date` (`completion_date`),
  CONSTRAINT `fk_perf_robot` FOREIGN KEY (`robot_id`) REFERENCES `robots` (`id`) ON DELETE CASCADE
) ENGINE=InnoDB AUTO_INCREMENT=3 DEFAULT CHARSET=utf8mb4 COLLATE=utf8mb4_unicode_ci;
/*!40101 SET character_set_client = @saved_cs_client */;

--
-- Dumping data for table `performance_history`
--

LOCK TABLES `performance_history` WRITE;
/*!40000 ALTER TABLE `performance_history` DISABLE KEYS */;
INSERT INTO `performance_history` VALUES (1,1,'Khoa Dược, Phòng 301A - Khu cách ly, Phòng Cấp Cứu, Phòng Xét Nghiệm','2025-10-01 18:03:26',2700,0,'2025-10-01 18:03:26'),(2,2,'Phòng Cấp Cứu, Phòng Xét Nghiệm','2025-09-26 18:03:27',1800,1,'2025-10-01 18:03:27');
/*!40000 ALTER TABLE `performance_history` ENABLE KEYS */;
UNLOCK TABLES;

--
-- Table structure for table `prescription_items`
--

DROP TABLE IF EXISTS `prescription_items`;
/*!40101 SET @saved_cs_client     = @@character_set_client */;
/*!50503 SET character_set_client = utf8mb4 */;
CREATE TABLE `prescription_items` (
  `id` bigint unsigned NOT NULL AUTO_INCREMENT,
  `prescription_id` bigint unsigned NOT NULL,
  `medicine_id` bigint unsigned NOT NULL,
  `quantity` int NOT NULL,
  `dosage` varchar(128) CHARACTER SET utf8mb4 COLLATE utf8mb4_unicode_ci DEFAULT NULL,
  `instructions` varchar(255) CHARACTER SET utf8mb4 COLLATE utf8mb4_unicode_ci DEFAULT NULL,
  PRIMARY KEY (`id`),
  KEY `fk_pi_prescription` (`prescription_id`),
  KEY `fk_pi_medicine` (`medicine_id`),
  CONSTRAINT `fk_pi_medicine` FOREIGN KEY (`medicine_id`) REFERENCES `medicines` (`id`) ON DELETE CASCADE,
  CONSTRAINT `fk_pi_prescription` FOREIGN KEY (`prescription_id`) REFERENCES `prescriptions` (`id`) ON DELETE CASCADE
) ENGINE=InnoDB AUTO_INCREMENT=3 DEFAULT CHARSET=utf8mb4 COLLATE=utf8mb4_unicode_ci;
/*!40101 SET character_set_client = @saved_cs_client */;

--
-- Dumping data for table `prescription_items`
--

LOCK TABLES `prescription_items` WRITE;
/*!40000 ALTER TABLE `prescription_items` DISABLE KEYS */;
INSERT INTO `prescription_items` VALUES (2,7,2,2,'1 viên/lần','Uống sau bữa ăn sáng và tối; Damaged: string - string; Damaged: string - string; Damaged: string - string; Damaged: string - string; Damaged: damage - string; Damaged: damage - string; Damaged: manual - string; Damaged: manual - string');
/*!40000 ALTER TABLE `prescription_items` ENABLE KEYS */;
UNLOCK TABLES;

--
-- Table structure for table `prescriptions`
--

DROP TABLE IF EXISTS `prescriptions`;
/*!40101 SET @saved_cs_client     = @@character_set_client */;
/*!50503 SET character_set_client = utf8mb4 */;
CREATE TABLE `prescriptions` (
  `id` bigint unsigned NOT NULL AUTO_INCREMENT,
  `prescription_code` varchar(64) CHARACTER SET utf8mb4 COLLATE utf8mb4_unicode_ci NOT NULL,
  `patient_id` bigint unsigned NOT NULL,
  `users_id` bigint unsigned DEFAULT NULL,
  `created_at` datetime DEFAULT CURRENT_TIMESTAMP,
  `status` enum('pending','approved','dispensed','canceled') CHARACTER SET utf8mb4 COLLATE utf8mb4_unicode_ci DEFAULT 'pending',
  PRIMARY KEY (`id`),
  UNIQUE KEY `prescription_code` (`prescription_code`),
  KEY `fk_presc_patient` (`patient_id`),
  KEY `fk_presc_users` (`users_id`),
  CONSTRAINT `fk_presc_patient` FOREIGN KEY (`patient_id`) REFERENCES `patients` (`id`) ON DELETE CASCADE,
  CONSTRAINT `fk_presc_users` FOREIGN KEY (`users_id`) REFERENCES `users` (`id`) ON DELETE SET NULL
) ENGINE=InnoDB AUTO_INCREMENT=8 DEFAULT CHARSET=utf8mb4 COLLATE=utf8mb4_unicode_ci;
/*!40101 SET character_set_client = @saved_cs_client */;

--
-- Dumping data for table `prescriptions`
--

LOCK TABLES `prescriptions` WRITE;
/*!40000 ALTER TABLE `prescriptions` DISABLE KEYS */;
INSERT INTO `prescriptions` VALUES (6,'PR001',2,1,'2025-11-01 03:45:55','pending'),(7,'PR001s',2,1,'2025-11-01 03:49:00','pending');
/*!40000 ALTER TABLE `prescriptions` ENABLE KEYS */;
UNLOCK TABLES;

--
-- Table structure for table `robot_compartments`
--

DROP TABLE IF EXISTS `robot_compartments`;
/*!40101 SET @saved_cs_client     = @@character_set_client */;
/*!50503 SET character_set_client = utf8mb4 */;
CREATE TABLE `robot_compartments` (
  `id` bigint unsigned NOT NULL AUTO_INCREMENT,
  `robot_id` bigint unsigned NOT NULL,
  `compartment_code` varchar(8) CHARACTER SET utf8mb4 COLLATE utf8mb4_unicode_ci NOT NULL,
  `status` enum('locked','unlocked') CHARACTER SET utf8mb4 COLLATE utf8mb4_unicode_ci NOT NULL DEFAULT 'locked',
  `content_label` varchar(255) CHARACTER SET utf8mb4 COLLATE utf8mb4_unicode_ci DEFAULT NULL,
  `is_active` tinyint(1) NOT NULL DEFAULT '1',
  `patient_id` bigint unsigned DEFAULT NULL,
  `category_id` bigint unsigned DEFAULT NULL,
  PRIMARY KEY (`id`),
  UNIQUE KEY `uk_robot_compartment` (`robot_id`,`compartment_code`),
  KEY `idx_comp_robot` (`robot_id`),
  KEY `fk_compartment_patient` (`patient_id`),
  KEY `fk_compartment_category` (`category_id`),
  CONSTRAINT `fk_comp_robot` FOREIGN KEY (`robot_id`) REFERENCES `robots` (`id`) ON DELETE CASCADE,
  CONSTRAINT `fk_compartment_category` FOREIGN KEY (`category_id`) REFERENCES `compartment_categories` (`id`) ON DELETE SET NULL ON UPDATE CASCADE,
  CONSTRAINT `fk_compartment_patient` FOREIGN KEY (`patient_id`) REFERENCES `patients` (`id`) ON DELETE SET NULL ON UPDATE CASCADE
) ENGINE=InnoDB AUTO_INCREMENT=17 DEFAULT CHARSET=utf8mb4 COLLATE=utf8mb4_unicode_ci;
/*!40101 SET character_set_client = @saved_cs_client */;

--
-- Dumping data for table `robot_compartments`
--

LOCK TABLES `robot_compartments` WRITE;
/*!40000 ALTER TABLE `robot_compartments` DISABLE KEYS */;
INSERT INTO `robot_compartments` VALUES (1,1,'A','locked',NULL,1,NULL,NULL),(2,4,'A','locked',NULL,1,NULL,NULL),(3,2,'A','locked',NULL,1,NULL,NULL),(4,3,'A','locked','Khoa Dược',1,NULL,NULL),(5,1,'B','locked',NULL,1,NULL,NULL),(6,4,'B','locked',NULL,1,NULL,NULL),(7,2,'B','locked',NULL,1,NULL,NULL),(8,3,'B','locked','Phòng 301A - Khu cách ly',1,NULL,NULL),(9,1,'C','locked',NULL,1,NULL,NULL),(10,4,'C','locked',NULL,1,NULL,NULL),(11,2,'C','locked',NULL,1,NULL,NULL),(12,3,'C','locked','Phòng Cấp Cứu',1,NULL,NULL),(13,1,'D','locked',NULL,1,NULL,NULL),(14,4,'D','locked',NULL,1,NULL,NULL),(15,2,'D','locked',NULL,1,NULL,NULL),(16,3,'D','locked','Phòng Xét Nghiệm',1,NULL,NULL);
/*!40000 ALTER TABLE `robot_compartments` ENABLE KEYS */;
UNLOCK TABLES;

--
-- Table structure for table `robot_maintenance_logs`
--

DROP TABLE IF EXISTS `robot_maintenance_logs`;
/*!40101 SET @saved_cs_client     = @@character_set_client */;
/*!50503 SET character_set_client = utf8mb4 */;
CREATE TABLE `robot_maintenance_logs` (
  `id` bigint unsigned NOT NULL AUTO_INCREMENT,
  `robot_id` bigint unsigned NOT NULL,
  `maintenance_date` datetime DEFAULT CURRENT_TIMESTAMP,
  `details` text CHARACTER SET utf8mb4 COLLATE utf8mb4_unicode_ci,
  PRIMARY KEY (`id`),
  KEY `fk_rm_robot2` (`robot_id`),
  CONSTRAINT `fk_rm_robot2` FOREIGN KEY (`robot_id`) REFERENCES `robots` (`id`) ON DELETE CASCADE
) ENGINE=InnoDB DEFAULT CHARSET=utf8mb4 COLLATE=utf8mb4_unicode_ci;
/*!40101 SET character_set_client = @saved_cs_client */;

--
-- Dumping data for table `robot_maintenance_logs`
--

LOCK TABLES `robot_maintenance_logs` WRITE;
/*!40000 ALTER TABLE `robot_maintenance_logs` DISABLE KEYS */;
/*!40000 ALTER TABLE `robot_maintenance_logs` ENABLE KEYS */;
UNLOCK TABLES;

--
-- Table structure for table `robots`
--

DROP TABLE IF EXISTS `robots`;
/*!40101 SET @saved_cs_client     = @@character_set_client */;
/*!50503 SET character_set_client = utf8mb4 */;
CREATE TABLE `robots` (
  `id` bigint unsigned NOT NULL AUTO_INCREMENT,
  `code` varchar(32) CHARACTER SET utf8mb4 COLLATE utf8mb4_unicode_ci NOT NULL,
  `name` varchar(128) CHARACTER SET utf8mb4 COLLATE utf8mb4_unicode_ci DEFAULT NULL,
  `status` enum('transporting','awaiting_handover','returning_to_station','at_station','completed','charging','needs_attention','manual_control','offline') CHARACTER SET utf8mb4 COLLATE utf8mb4_unicode_ci NOT NULL DEFAULT 'completed',
  `battery_percent` decimal(5,2) NOT NULL DEFAULT '100.00',
  `latitude` decimal(10,6) DEFAULT NULL,
  `longitude` decimal(10,6) DEFAULT NULL,
  `progress_overall_pct` decimal(5,2) NOT NULL DEFAULT '0.00',
  `progress_leg_pct` decimal(5,2) NOT NULL DEFAULT '0.00',
  `is_mic_on` tinyint(1) NOT NULL DEFAULT '0',
  `eta_delivery_at` datetime DEFAULT NULL,
  `eta_return_at` datetime DEFAULT NULL,
  `error_count_session` int NOT NULL DEFAULT '0',
  `last_heartbeat_at` datetime DEFAULT NULL,
  `created_at` datetime NOT NULL DEFAULT CURRENT_TIMESTAMP,
  `updated_at` datetime NOT NULL DEFAULT CURRENT_TIMESTAMP ON UPDATE CURRENT_TIMESTAMP,
  `map_id` bigint unsigned DEFAULT NULL,
  PRIMARY KEY (`id`),
  UNIQUE KEY `code` (`code`),
  KEY `idx_robot_status` (`status`),
  KEY `idx_robot_eta_delivery` (`eta_delivery_at`),
  KEY `idx_robot_eta_return` (`eta_return_at`),
  KEY `fk_robot_map` (`map_id`),
  CONSTRAINT `fk_robot_map` FOREIGN KEY (`map_id`) REFERENCES `maps` (`id`) ON DELETE SET NULL ON UPDATE CASCADE
) ENGINE=InnoDB AUTO_INCREMENT=6 DEFAULT CHARSET=utf8mb4 COLLATE=utf8mb4_unicode_ci;
/*!40101 SET character_set_client = @saved_cs_client */;

--
-- Dumping data for table `robots`
--

LOCK TABLES `robots` WRITE;
/*!40000 ALTER TABLE `robots` DISABLE KEYS */;
INSERT INTO `robots` VALUES (1,'RB-001','Robot 001','completed',75.00,21.028500,105.854200,0.00,0.00,0,NULL,NULL,0,NULL,'2025-10-01 18:03:26','2025-10-31 21:20:06',1),(2,'RB-002','Robot 002','awaiting_handover',62.50,21.028510,105.854210,0.00,0.00,0,NULL,NULL,0,NULL,'2025-10-01 18:03:26','2025-10-01 18:03:26',NULL),(3,'RB-003','Robot 003','transporting',48.00,21.028520,105.854220,0.00,0.00,0,NULL,NULL,0,NULL,'2025-10-01 18:03:26','2025-10-01 18:03:26',NULL),(4,'RB-004','Robot 004','returning_to_station',33.00,21.028530,105.854230,0.00,0.00,0,NULL,NULL,0,NULL,'2025-10-01 18:03:26','2025-10-01 18:03:26',NULL),(5,'Robot-2','Robot-2','transporting',100.00,0.000000,0.000000,100.00,100.00,1,'2025-10-31 12:01:26','2025-10-31 12:01:26',0,'2025-10-31 12:02:02','2025-10-31 12:02:02','2025-10-31 19:03:02',NULL);
/*!40000 ALTER TABLE `robots` ENABLE KEYS */;
UNLOCK TABLES;

--
-- Table structure for table `rooms`
--

DROP TABLE IF EXISTS `rooms`;
/*!40101 SET @saved_cs_client     = @@character_set_client */;
/*!50503 SET character_set_client = utf8mb4 */;
CREATE TABLE `rooms` (
  `id` bigint unsigned NOT NULL AUTO_INCREMENT,
  `room_name` varchar(128) CHARACTER SET utf8mb4 COLLATE utf8mb4_unicode_ci NOT NULL,
  `longitude` decimal(10,7) DEFAULT NULL,
  `latitude` decimal(10,7) DEFAULT NULL,
  `map_id` bigint unsigned DEFAULT NULL,
  `created_at` datetime DEFAULT CURRENT_TIMESTAMP,
  PRIMARY KEY (`id`),
  KEY `idx_map_id` (`map_id`),
  CONSTRAINT `fk_rooms_maps` FOREIGN KEY (`map_id`) REFERENCES `maps` (`id`) ON DELETE SET NULL ON UPDATE CASCADE
) ENGINE=InnoDB AUTO_INCREMENT=2 DEFAULT CHARSET=utf8mb4 COLLATE=utf8mb4_unicode_ci;
/*!40101 SET character_set_client = @saved_cs_client */;

--
-- Dumping data for table `rooms`
--

LOCK TABLES `rooms` WRITE;
/*!40000 ALTER TABLE `rooms` DISABLE KEYS */;
INSERT INTO `rooms` VALUES (1,'Phòng 101',105.8040000,21.0280000,1,'2025-11-01 02:46:56');
/*!40000 ALTER TABLE `rooms` ENABLE KEYS */;
UNLOCK TABLES;

--
-- Table structure for table `sessions`
--

DROP TABLE IF EXISTS `sessions`;
/*!40101 SET @saved_cs_client     = @@character_set_client */;
/*!50503 SET character_set_client = utf8mb4 */;
CREATE TABLE `sessions` (
  `id` bigint unsigned NOT NULL AUTO_INCREMENT,
  `user_id` bigint unsigned NOT NULL,
  `session_token` char(64) CHARACTER SET utf8mb4 COLLATE utf8mb4_unicode_ci NOT NULL,
  `ip_address` varchar(45) CHARACTER SET utf8mb4 COLLATE utf8mb4_unicode_ci DEFAULT NULL,
  `user_agent` varchar(255) CHARACTER SET utf8mb4 COLLATE utf8mb4_unicode_ci DEFAULT NULL,
  `created_at` datetime NOT NULL DEFAULT CURRENT_TIMESTAMP,
  `expires_at` datetime NOT NULL,
  PRIMARY KEY (`id`),
  UNIQUE KEY `session_token` (`session_token`),
  KEY `idx_sessions_user` (`user_id`),
  CONSTRAINT `fk_sessions_user` FOREIGN KEY (`user_id`) REFERENCES `users` (`id`) ON DELETE CASCADE
) ENGINE=InnoDB DEFAULT CHARSET=utf8mb4 COLLATE=utf8mb4_unicode_ci;
/*!40101 SET character_set_client = @saved_cs_client */;

--
-- Dumping data for table `sessions`
--

LOCK TABLES `sessions` WRITE;
/*!40000 ALTER TABLE `sessions` DISABLE KEYS */;
/*!40000 ALTER TABLE `sessions` ENABLE KEYS */;
UNLOCK TABLES;

--
-- Table structure for table `task_patient_assignments`
--

DROP TABLE IF EXISTS `task_patient_assignments`;
/*!40101 SET @saved_cs_client     = @@character_set_client */;
/*!50503 SET character_set_client = utf8mb4 */;
CREATE TABLE `task_patient_assignments` (
  `id` bigint unsigned NOT NULL AUTO_INCREMENT,
  `task_id` bigint unsigned NOT NULL,
  `patient_id` bigint unsigned NOT NULL,
  PRIMARY KEY (`id`),
  KEY `fk_tpa_task` (`task_id`),
  KEY `fk_tpa_patient` (`patient_id`),
  CONSTRAINT `fk_tpa_patient` FOREIGN KEY (`patient_id`) REFERENCES `patients` (`id`) ON DELETE CASCADE,
  CONSTRAINT `fk_tpa_task` FOREIGN KEY (`task_id`) REFERENCES `tasks` (`id`) ON DELETE CASCADE
) ENGINE=InnoDB DEFAULT CHARSET=utf8mb4 COLLATE=utf8mb4_unicode_ci;
/*!40101 SET character_set_client = @saved_cs_client */;

--
-- Dumping data for table `task_patient_assignments`
--

LOCK TABLES `task_patient_assignments` WRITE;
/*!40000 ALTER TABLE `task_patient_assignments` DISABLE KEYS */;
/*!40000 ALTER TABLE `task_patient_assignments` ENABLE KEYS */;
UNLOCK TABLES;

--
-- Table structure for table `task_stops`
--

DROP TABLE IF EXISTS `task_stops`;
/*!40101 SET @saved_cs_client     = @@character_set_client */;
/*!50503 SET character_set_client = utf8mb4 */;
CREATE TABLE `task_stops` (
  `id` bigint unsigned NOT NULL AUTO_INCREMENT,
  `task_id` bigint unsigned NOT NULL,
  `seq_no` int NOT NULL,
  `destination_id` bigint unsigned DEFAULT NULL,
  `custom_name` varchar(255) CHARACTER SET utf8mb4 COLLATE utf8mb4_unicode_ci DEFAULT NULL,
  `status` enum('pending','in_progress','awaiting_handover','delivered','skipped','failed') CHARACTER SET utf8mb4 COLLATE utf8mb4_unicode_ci NOT NULL DEFAULT 'pending',
  `eta_at` datetime DEFAULT NULL,
  `arrived_at` datetime DEFAULT NULL,
  `handed_over_at` datetime DEFAULT NULL,
  `created_at` datetime NOT NULL DEFAULT CURRENT_TIMESTAMP,
  `updated_at` datetime NOT NULL DEFAULT CURRENT_TIMESTAMP ON UPDATE CURRENT_TIMESTAMP,
  PRIMARY KEY (`id`),
  UNIQUE KEY `uk_task_seq` (`task_id`,`seq_no`),
  KEY `idx_stop_status` (`status`),
  KEY `idx_stop_eta` (`eta_at`),
  KEY `fk_stop_destination` (`destination_id`),
  CONSTRAINT `fk_stop_destination` FOREIGN KEY (`destination_id`) REFERENCES `destinations` (`id`) ON DELETE SET NULL,
  CONSTRAINT `fk_stop_task` FOREIGN KEY (`task_id`) REFERENCES `tasks` (`id`) ON DELETE CASCADE
) ENGINE=InnoDB AUTO_INCREMENT=5 DEFAULT CHARSET=utf8mb4 COLLATE=utf8mb4_unicode_ci;
/*!40101 SET character_set_client = @saved_cs_client */;

--
-- Dumping data for table `task_stops`
--

LOCK TABLES `task_stops` WRITE;
/*!40000 ALTER TABLE `task_stops` DISABLE KEYS */;
INSERT INTO `task_stops` VALUES (1,1,1,1,NULL,'in_progress','2025-10-01 18:13:26',NULL,NULL,'2025-10-01 18:03:26','2025-10-01 18:03:26'),(2,1,2,2,NULL,'pending','2025-10-01 18:28:26',NULL,NULL,'2025-10-01 18:03:26','2025-10-01 18:03:26'),(3,1,3,3,NULL,'pending','2025-10-01 18:43:26',NULL,NULL,'2025-10-01 18:03:26','2025-10-01 18:03:26'),(4,1,4,4,NULL,'pending','2025-10-01 18:58:26',NULL,NULL,'2025-10-01 18:03:26','2025-10-01 18:03:26');
/*!40000 ALTER TABLE `task_stops` ENABLE KEYS */;
UNLOCK TABLES;

--
-- Table structure for table `tasks`
--

DROP TABLE IF EXISTS `tasks`;
/*!40101 SET @saved_cs_client     = @@character_set_client */;
/*!50503 SET character_set_client = utf8mb4 */;
CREATE TABLE `tasks` (
  `id` bigint unsigned NOT NULL AUTO_INCREMENT,
  `robot_id` bigint unsigned NOT NULL,
  `assigned_by` bigint unsigned DEFAULT NULL,
  `status` enum('pending','in_progress','awaiting_handover','returning','at_station','completed','canceled') CHARACTER SET utf8mb4 COLLATE utf8mb4_unicode_ci NOT NULL DEFAULT 'pending',
  `started_at` datetime DEFAULT NULL,
  `completed_at` datetime DEFAULT NULL,
  `total_duration_s` int DEFAULT NULL,
  `total_errors` int NOT NULL DEFAULT '0',
  `created_at` datetime NOT NULL DEFAULT CURRENT_TIMESTAMP,
  `updated_at` datetime NOT NULL DEFAULT CURRENT_TIMESTAMP ON UPDATE CURRENT_TIMESTAMP,
  `map_id` bigint unsigned DEFAULT NULL,
  `priority` enum('Normal','Urgent','Critical') COLLATE utf8mb4_unicode_ci NOT NULL DEFAULT 'Normal',
  PRIMARY KEY (`id`),
  KEY `idx_task_robot` (`robot_id`),
  KEY `idx_task_status` (`status`),
  KEY `fk_tasks_assigned_by` (`assigned_by`),
  KEY `fk_task_map` (`map_id`),
  CONSTRAINT `fk_task_map` FOREIGN KEY (`map_id`) REFERENCES `maps` (`id`) ON DELETE SET NULL ON UPDATE CASCADE,
  CONSTRAINT `fk_tasks_assigned_by` FOREIGN KEY (`assigned_by`) REFERENCES `users` (`id`) ON DELETE SET NULL,
  CONSTRAINT `fk_tasks_robot` FOREIGN KEY (`robot_id`) REFERENCES `robots` (`id`) ON DELETE CASCADE
) ENGINE=InnoDB AUTO_INCREMENT=2 DEFAULT CHARSET=utf8mb4 COLLATE=utf8mb4_unicode_ci;
/*!40101 SET character_set_client = @saved_cs_client */;

--
-- Dumping data for table `tasks`
--

LOCK TABLES `tasks` WRITE;
/*!40000 ALTER TABLE `tasks` DISABLE KEYS */;
INSERT INTO `tasks` VALUES (1,3,1,'in_progress','2025-10-01 18:03:26',NULL,NULL,0,'2025-10-01 18:03:26','2025-10-01 18:03:26',NULL,'Normal');
/*!40000 ALTER TABLE `tasks` ENABLE KEYS */;
UNLOCK TABLES;

--
-- Table structure for table `users`
--

DROP TABLE IF EXISTS `users`;
/*!40101 SET @saved_cs_client     = @@character_set_client */;
/*!50503 SET character_set_client = utf8mb4 */;
CREATE TABLE `users` (
  `id` bigint unsigned NOT NULL AUTO_INCREMENT,
  `email` varchar(64) CHARACTER SET utf8mb4 COLLATE utf8mb4_unicode_ci NOT NULL,
  `password_hash` varchar(255) CHARACTER SET utf8mb4 COLLATE utf8mb4_unicode_ci NOT NULL,
  `full_name` varchar(128) CHARACTER SET utf8mb4 COLLATE utf8mb4_unicode_ci DEFAULT NULL,
  `role` enum('admin','operator') CHARACTER SET utf8mb4 COLLATE utf8mb4_unicode_ci NOT NULL DEFAULT 'admin',
  `is_active` tinyint(1) NOT NULL DEFAULT '1',
  `created_at` datetime NOT NULL DEFAULT CURRENT_TIMESTAMP,
  `updated_at` datetime NOT NULL DEFAULT CURRENT_TIMESTAMP ON UPDATE CURRENT_TIMESTAMP,
  PRIMARY KEY (`id`),
  UNIQUE KEY `email` (`email`)
) ENGINE=InnoDB AUTO_INCREMENT=2 DEFAULT CHARSET=utf8mb4 COLLATE=utf8mb4_unicode_ci;
/*!40101 SET character_set_client = @saved_cs_client */;

--
-- Dumping data for table `users`
--

LOCK TABLES `users` WRITE;
/*!40000 ALTER TABLE `users` DISABLE KEYS */;
INSERT INTO `users` VALUES (1,'admin','$2y$10$Qk8Ww9j6N7xD2zq3uH4y8O2q5nY4w6Z8pQ1rS3tU5vX7yZ9aB1cDe','Quản trị viên','admin',1,'2025-10-01 18:03:26','2025-10-01 18:03:26');
/*!40000 ALTER TABLE `users` ENABLE KEYS */;
UNLOCK TABLES;
/*!40103 SET TIME_ZONE=@OLD_TIME_ZONE */;

/*!40101 SET SQL_MODE=@OLD_SQL_MODE */;
/*!40014 SET FOREIGN_KEY_CHECKS=@OLD_FOREIGN_KEY_CHECKS */;
/*!40014 SET UNIQUE_CHECKS=@OLD_UNIQUE_CHECKS */;
/*!40101 SET CHARACTER_SET_CLIENT=@OLD_CHARACTER_SET_CLIENT */;
/*!40101 SET CHARACTER_SET_RESULTS=@OLD_CHARACTER_SET_RESULTS */;
/*!40101 SET COLLATION_CONNECTION=@OLD_COLLATION_CONNECTION */;
/*!40111 SET SQL_NOTES=@OLD_SQL_NOTES */;

-- Dump completed on 2025-11-01 17:06:26
